ParkID,PlotID,BurnUnit,MaxBurnYear,Season,Lat,Long,ObsYears,TreeID,Species,Status,CrownScorchPercent,MaxCharHt,gro.10,BA_comp,DBH,aVpd.pre.10,trnd.25,ad.25
BAND,FPLEX1T02_01,Unit 1,2000,Spring,35.85,-106.41,2,B010065,PSME,0,0,3.3,1.92,129,42.5,0,-0.03,2
BAND,FPLEX1T02_01,Unit 1,2000,Spring,35.85,-106.41,2,B010092,PSME,0,1,1,1.32,268,39.1,0,-0.05,3
BAND,FPLEX1T02_01,Unit 1,2000,Spring,35.85,-106.41,2,B010101,ABCO,0,1,0.1,1.63,208,47.4,0,-0.04,2
BAND,FPLEX1T02_01,Unit 1,2000,Spring,35.85,-106.41,2,B010401,ABCO,0,1,0.4,1.15,1827,16,0,-0.02,2
BAND,FPLEX1T02_01,Unit 1,2000,Spring,35.85,-106.41,2,B010403,ABCO,0,20,0,3.77,1321,17.6,0,0.08,0
BAND,FPLEX1T02_03,Unit 1,2000,Spring,35.86,-106.41,2,B030209,ABCO,0,1,0.1,4.25,1044,19.8,-0.1,0.42,1
BAND,FPLEX1T02_03,Unit 1,2000,Spring,35.86,-106.41,2,B030210,ABCO,0,1,0.1,4.3,902,21.3,-0.1,0.15,1
BAND,FPLEX1T02_03,Unit 1,2000,Spring,35.86,-106.41,2,B030211,PIPO,0,12,0.1,1.18,46,71.4,-0.1,0.02,0
BAND,FPLEX1T02_03,Unit 1,2000,Spring,35.86,-106.41,2,B030213,ABCO,0,2,1.4,2.29,334,29.6,-0.1,0.01,0
BAND,FPLEX1T02_03,Unit 1,2000,Spring,35.86,-106.41,2,B030215,PSME,0,3,3.7,1.27,121,38.1,-0.1,-0.11,1
BAND,FPLEX1T02_03,Unit 1,2000,Spring,35.86,-106.41,2,B030218,PIPO,0,0,0.1,0.5,39,77.6,-0.1,-0.02,1
BAND,FPLEX1T02_03,Unit 1,2000,Spring,35.86,-106.41,2,B030274,PIPO,1,0,1,0.18,810,19,-0.1,-0.02,3
BAND,FPSME1T08_04,Unit 8,2000,Spring,35.83,-106.4,6,B041817,PIPO,0,0,0.1,1.17,24,49.4,0,-0.01,0
BAND,FPSME1T08_04,Unit 8,2000,Spring,35.83,-106.4,6,B041818,ABCO,0,0,0.1,2.39,19,55.6,0,-0.04,0
BAND,FPSME1T08_04,Unit 8,2000,Spring,35.83,-106.4,6,B041822,ABCO,0,4,0.4,1.76,110,23,0,0.02,2
BAND,FPSME1T08_04,Unit 8,2000,Spring,35.83,-106.4,6,B041823,ABCO,0,0,1.6,1.71,131,21.1,0,0.06,0
BAND,FPSME1T08_04,Unit 8,2000,Spring,35.83,-106.4,6,B041842,PSME,0,0,1,1.81,31,43.6,0,0.03,0
BAND,FPSME1T08_04,Unit 8,2000,Spring,35.83,-106.4,6,B049892,ABCO,0,0,0.4,1.74,246,15.4,0,0.04,0
BAND,FPLEX1T02_11,Unit 1,2000,Spring,35.85,-106.4,2,B114839,PIPO,0,0,0.5,1.11,1292,23.3,-0.1,0.01,0
BAND,FPLEX1T02_11,Unit 1,2000,Spring,35.85,-106.4,2,B114854,PIPO,0,0,0.8,0.28,609,32.5,-0.1,-0.07,1
BAND,FPLEX1T02_11,Unit 1,2000,Spring,35.85,-106.4,2,B114855,PIPO,0,0,0.5,0.94,1356,19.7,-0.1,0.01,1
BAND,FPLEX1T02_11,Unit 1,2000,Spring,35.85,-106.4,2,B114860,PIPO,0,2,0.8,1.05,353,40.7,-0.1,-0.02,0
BAND,FPLEX1T02_11,Unit 1,2000,Spring,35.85,-106.4,2,B114872,ABCO,0,15,1,2.6,839,26.4,-0.1,0.02,1
BAND,FPLEX1T02_11,Unit 1,2000,Spring,35.85,-106.4,2,B114880,PIPO,0,40,0.4,0.37,42,83.2,-0.1,-0.01,0
BAND,FPLEX1T02_13,Unit 1,2000,Spring,35.85,-106.42,2,B138803,ABCO,0,90,0.5,5.03,139,20.5,0,0.16,0
BAND,FPLEX1T02_15,Unit 1,2000,Spring,35.86,-106.41,2,B151691,PSME,0,8,0.3,2.73,228,35.8,-0.1,0.04,0
BAND,FPLEX1T02_15,Unit 1,2000,Spring,35.86,-106.41,2,B151720,PIPO,0,60,0.1,0.75,1265,15.2,-0.1,-0.02,1
BAND,FPLEX1T02_15,Unit 1,2000,Spring,35.86,-106.41,2,B151722,PIPO,0,70,0.8,0.39,452,19.7,-0.1,-0.07,2
BAND,FPLEX1T02_15,Unit 1,2000,Spring,35.86,-106.41,2,B151724,PSME,0,1,0.8,2.8,167,45.8,-0.1,-0.02,0
BAND,FPLEX1T02_15,Unit 1,2000,Spring,35.86,-106.41,2,B151735,ABCO,0,100,2.4,4.79,108,46.5,-0.1,0.05,0
BAND,FPLEX1T02_15,Unit 1,2000,Spring,35.86,-106.41,2,B151736,PSME,0,45,1.3,1.76,232,35.5,-0.1,-0.07,1
BAND,FPLEX1T02_15,Unit 1,2000,Spring,35.86,-106.41,2,B151753,PSME,0,5,0.2,0.71,487,15.5,-0.1,-0.03,3
BAND,FPSME1T08_22,Unit 8,2000,Spring,35.84,-106.4,6,B222305,PSME,0,95,4.8,1.56,443,25.7,0,-0.01,0
BAND,FPSME1T08_22,Unit 8,2000,Spring,35.84,-106.4,6,B222309,PSME,0,10,5,2.05,321,27,0,0.05,1
BAND,FPSME1T08_22,Unit 8,2000,Spring,35.84,-106.4,6,B222560,PSME,0,95,6,2.31,376,21.6,0,0.06,0
BAND,FPSME1T08_22,Unit 8,2000,Spring,35.84,-106.4,6,B222563,PIPO,0,95,8,0.75,0,49.8,0,0,0
BAND,FPSME1T08_22,Unit 8,2000,Spring,35.84,-106.4,6,B222566,PIPO,1,95,13,1.61,41,53.5,0,0.02,2
BRCA,PIPO_09,Residential,2008,Summer,37.63,-112.18,2,BC09095,PIPO,0,5,0.5,0.4,328,26.7,1.3,-0.04,1
BRCA,PIPO_09,Residential,2008,Summer,37.63,-112.18,2,BC09096,PIPO,0,95,0,0.08,492,26.7,1.3,-0.04,1
BRCA,PIPO_09,Residential,2008,Summer,37.63,-112.18,2,BC09097,PSME,0,15,1.5,1.47,158,43,1.3,-0.06,1
BRCA,PIPO_09,Residential,2008,Summer,37.63,-112.18,2,BC09111,PSME,1,80,3,0.43,93,35.5,1.3,-0.07,3
BRCA,PIPO_09,Residential,2008,Summer,37.63,-112.18,2,BC09113,PSME,0,15,0,1.1,190,24.8,1.3,-0.03,1
BRCA,PIPO_09,Residential,2008,Summer,37.63,-112.18,2,BC09114,PSME,0,15,3,0.97,93,25.1,1.3,-0.04,0
BRCA,PIPO_09,Residential,2008,Summer,37.63,-112.18,2,BC09115,PSME,0,40,5,0.81,251,21.6,1.3,-0.05,3
BRCA,ABCO_52,Puma,2008,Fall,37.51,-112.26,2,BC52689,PSME,0,0,0.1,2.07,145,20.1,1.3,0.03,1
BRCA,ABCO_52,Puma,2008,Fall,37.51,-112.26,2,BC52710,ABCO,1,10,1.5,0.6,116,22.4,1.3,0,3
BRCA,ABCO_52,Puma,2008,Fall,37.51,-112.26,2,BC52714,ABCO,0,15,2,0.62,57,31.9,1.3,-0.01,2
BRCA,ABCO_52,Puma,2008,Fall,37.51,-112.26,2,BC52718,ABCO,0,2,1,0.59,255,21.4,1.3,0,4
BRCA,ABCO_52,Puma,2008,Fall,37.51,-112.26,2,BC52722,ABCO,0,70,4,0.77,280,28.9,1.3,-0.01,3
BRCA,ABCO_52,Puma,2008,Fall,37.51,-112.26,2,BC52723,PSME,1,100,1.5,0.53,180,25.5,1.3,-0.04,2
BRCA,ABCO_54,County Line,1995,Summer,37.54,-112.26,5,BC54536,ABCO,1,15,0.5,1.53,452,19.7,0.4,-0.01,1
BRCA,ABCO_54,County Line,1995,Summer,37.54,-112.26,5,BC54539,PIPO,0,0,0.5,0.27,0,62.6,0.4,-0.01,0
BRCA,ABCO_54,County Line,1995,Summer,37.54,-112.26,5,BC54540,PIPO,0,5,2.5,0.27,0,73.7,0.4,-0.01,1
BRCA,ABCO_55,County Line,1995,Summer,37.54,-112.26,5,BC55339,PSME,0,85,0,1.08,167,32.4,0.4,0,0
BRCA,ABCO_55,County Line,1995,Summer,37.54,-112.26,5,BC55340,PSME,1,75,0.8,0.8,722,18,0.4,0.01,0
BRCA,ABCO_55,County Line,1995,Summer,37.54,-112.26,5,BC55341,PSME,0,10,0,0.97,30,62.9,0.4,-0.06,1
BRCA,ABCO_55,County Line,1995,Summer,37.54,-112.26,5,BC55351,PSME,1,100,1.8,1.35,102,23.9,0.4,0,0
BRCA,ABCO_55,County Line,1995,Summer,37.54,-112.26,5,BC55360,PIPO,0,80,3.5,0.26,17,58.2,0.4,-0.01,0
BRCA,ABCO_55,County Line,1995,Summer,37.54,-112.26,5,BC55366,ABCO,1,90,0.2,0.25,126,30.4,0.4,0,4
BRCA,ABCO_55,County Line,1995,Summer,37.54,-112.26,5,BC55367,ABCO,0,50,0,0.62,0,38.1,0.4,0.01,0
BRCA,ABCO_55,County Line,1995,Summer,37.54,-112.26,5,BC55378,PSME,0,30,0.2,1.1,379,21.5,0.4,-0.01,0
BRCA,ABCO_55,County Line,1995,Summer,37.54,-112.26,5,BC55383,ABCO,0,50,0,0.43,755,17.6,0.4,0.01,1
BRCA,ABCO_55,County Line,1995,Summer,37.54,-112.26,5,BC55385,ABCO,0,25,0,0.8,81,38.1,0.4,-0.01,0
BRCA,ABCO_56,Puma,2008,Fall,37.48,-112.26,2,BC56224,PSME,0,5,0.2,1.01,105,33.3,1.3,-0.05,1
BRCA,ABCO_56,Puma,2008,Fall,37.48,-112.26,2,BC56415,PIPO,0,20,0.5,1.33,801,19.1,1.3,-0.03,1
BRCA,ABCO_56,Puma,2008,Fall,37.48,-112.26,2,BC56431,PSME,0,2,0.3,1.66,217,40.2,1.3,-0.01,1
BRCA,ABCO_56,Puma,2008,Fall,37.48,-112.26,2,BC56437,PSME,0,1,0.1,0.37,239,31.3,1.3,-0.05,1
BRCA,ABCO_56,Puma,2008,Fall,37.48,-112.26,2,BC56438,PSME,0,5,0.1,0.77,78,47.5,1.3,-0.02,1
BRCA,ABCO_56,Puma,2008,Fall,37.48,-112.26,2,BC56439,PSME,0,1,0.1,0.23,24,49.4,1.3,-0.02,1
BRCA,ABCO_62,Puma,2008,Fall,37.48,-112.25,2,BC62732,ABCO,0,75,7,1.3,29,44.6,1.4,0.02,1
BRCA,ABCO_62,Puma,2008,Fall,37.48,-112.25,2,BC62733,PSME,0,15,3,0.96,51,33.8,1.4,-0.02,1
BRCA,ABCO_62,Puma,2008,Fall,37.48,-112.25,2,BC62734,ABCO,1,60,2,0.45,195,17.3,1.4,0,2
BRCA,ABCO_62,Puma,2008,Fall,37.48,-112.25,2,BC62785,ABCO,1,5,0.5,0.33,346,22.5,1.4,0,3
BRCA,ABCO_63,Puma,2008,Fall,37.47,-112.24,2,BC63562,PSME,0,0,0.2,0.07,662,18.8,1.4,-0.01,0
BRCA,ABCO_63,Puma,2008,Fall,37.47,-112.24,2,BC63801,PSME,0,0,0.1,0.27,64,42.8,1.4,-0.02,1
BRCA,ABCO_63,Puma,2008,Fall,37.47,-112.24,2,BC63825,ABCO,1,0,3,0.43,211,28.8,1.4,0,1
BRCA,ABCO_65,Puma,2008,Fall,37.47,-112.24,2,BC65705,PSME,0,70,4,0.39,69,29,1.4,-0.04,2
BRCA,ABCO_65,Puma,2008,Fall,37.47,-112.24,2,BC65708,PSME,1,95,8,0.45,0,42.4,1.4,-0.03,1
BRCA,ABCO_65,Puma,2008,Fall,37.47,-112.24,2,BC65709,ABCO,1,90,3.5,1.04,0,18.6,1.4,0.02,2
BRCA,ABCO_65,Puma,2008,Fall,37.47,-112.24,2,BC65710,PSME,0,20,0.1,0.31,145,20.1,1.4,-0.04,2
BRCA,ABCO_65,Puma,2008,Fall,37.47,-112.24,2,BC65711,ABCO,0,7,0,0.65,224,28,1.4,-0.04,1
BRCA,ABCO_65,Puma,2008,Fall,37.47,-112.24,2,BC65717,PSME,0,1,0.5,0.81,40,38.4,1.4,-0.02,1
BRCA,ABCO_65,Puma,2008,Fall,37.47,-112.24,2,BC65723,PSME,0,1,0,0.5,276,29.1,1.4,-0.06,2
BRCA,ABCO_66,Puma,2008,Fall,37.48,-112.26,2,BC66046,PIPO,0,90,9,1.3,401,20.9,1.4,0,0
BRCA,ABCO_66,Puma,2008,Fall,37.48,-112.26,2,BC66051,PIPO,1,100,2,0.91,85,26.2,1.4,-0.02,0
BRCA,ABCO_66,Puma,2008,Fall,37.48,-112.26,2,BC66052,PSME,1,95,1.5,0.67,560,17.7,1.4,-0.03,1
BRCA,ABCO_66,Puma,2008,Fall,37.48,-112.26,2,BC66917,ABCO,1,75,3,1.9,0,15.4,1.4,-0.02,1
BRCA,ABCO_66,Puma,2008,Fall,37.48,-112.26,2,BC66918,ABCO,1,20,0.6,1.31,0,15.1,1.4,-0.04,2
BRCA,ABCO_66,Puma,2008,Fall,37.48,-112.26,2,BC66919,PSME,0,5,2,1.61,836,18.7,1.4,-0.05,2
BRCA,PIPO_67,East Creek Ridge,2001,Summer,37.6,-112.2,5,BC67105,PSME,1,100,18,0.17,95,35.1,0.5,-0.02,2
BRCA,PIPO_67,East Creek Ridge,2001,Summer,37.6,-112.2,5,BC67109,PSME,0,10,0,0.75,264,33.3,0.5,-0.03,3
BRCA,PIPO_67,East Creek Ridge,2001,Summer,37.6,-112.2,5,BC67110,PSME,1,60,3,0.32,183,25.3,0.5,-0.02,2
BRCA,PIPO_67,East Creek Ridge,2001,Summer,37.6,-112.2,5,BC67111,PSME,0,40,3,0.74,15,62.7,0.5,-0.03,1
BRCA,PIPO_67,East Creek Ridge,2001,Summer,37.6,-112.2,5,BC67116,PSME,0,10,0.5,0.97,307,27.6,0.5,-0.02,1
BRCA,PIPO_68,East Creek Ridge,2001,Summer,37.6,-112.2,5,BC68121,PSME,0,10,2,1.52,172,31.9,0.6,0.03,2
BRCA,PIPO_68,East Creek Ridge,2001,Summer,37.6,-112.2,5,BC68127,PIPO,0,5,0.5,0.77,122,53.6,0.6,0,0
BRCA,PIPO_68,East Creek Ridge,2001,Summer,37.6,-112.2,5,BC68129,PIPO,0,0,0.5,1.19,315,40.9,0.6,0,1
BRCA,PIPO_68,East Creek Ridge,2001,Summer,37.6,-112.2,5,BC68133,PIPO,0,0,0.1,0.66,222,36.3,0.6,0,0
BRCA,PIPO_70,East Creek Ridge,2001,Summer,37.59,-112.21,5,BC70150,PSME,1,80,1.5,0.58,111,39.7,0.6,-0.03,3
BRCA,PIPO_70,East Creek Ridge,2001,Summer,37.59,-112.21,5,BC70152,PSME,1,85,7,2.1,45,36.2,0.6,-0.02,1
BRCA,PIPO_70,East Creek Ridge,2001,Summer,37.59,-112.21,5,BC70155,PSME,1,100,7,1.49,0,31.5,0.6,0,2
BRCA,PIPO_71,East Creek Ridge,2001,Summer,37.59,-112.19,5,BC71229,PSME,1,0,0.5,0.23,38,78.2,0.5,0,6
BRCA,PIPO_71,East Creek Ridge,2001,Summer,37.59,-112.19,5,BC71232,PSME,1,20,3,0.42,29,44.7,0.5,0,3
BRCA,PIPO_71,East Creek Ridge,2001,Summer,37.59,-112.19,5,BC71233,PSME,1,20,2,0.41,292,20,0.5,0,6
BRCA,PIPO_71,East Creek Ridge,2001,Summer,37.59,-112.19,5,BC71235,ABCO,1,0,1.5,0.14,19,56,0.5,0,5
BRCA,PIPO_71,East Creek Ridge,2001,Summer,37.59,-112.19,5,BC71236,PSME,1,5,1,0.43,26,47,0.5,-0.01,1
BRCA,PIPO_72,East Creek Ridge,2001,Summer,37.59,-112.19,5,BC72239,PSME,0,15,1.5,1.98,93,43.5,0.6,-0.02,1
BRCA,PIPO_72,East Creek Ridge,2001,Summer,37.59,-112.19,5,BC72240,PSME,1,5,1.5,1.43,447,19.8,0.6,-0.02,1
BRCA,PIPO_72,East Creek Ridge,2001,Summer,37.59,-112.19,5,BC72243,PSME,0,80,3,1.4,223,16.2,0.6,0.02,0
BRCA,PIPO_72,East Creek Ridge,2001,Summer,37.59,-112.19,5,BC72249,PSME,1,30,0.5,0.36,0,76.3,0.6,-0.01,3
BRCA,PIPO_72,East Creek Ridge,2001,Summer,37.59,-112.19,5,BC72251,PSME,0,30,0,0.97,851,20.3,0.6,-0.03,0
BRCA,PIPO_72,East Creek Ridge,2001,Summer,37.59,-112.19,5,BC72252,PSME,0,20,0.5,1.21,133,42,0.6,-0.03,0
BRCA,ABCO_77,Puma,2008,Fall,37.51,-112.27,2,BC77254,ABCO,0,1,0.2,0.69,466,22.4,1.4,-0.01,2
BRCA,ABCO_77,Puma,2008,Fall,37.51,-112.27,2,BC77270,ABCO,0,0,0.4,1.29,0,31.6,1.4,0.02,1
BRCA,ABCO_77,Puma,2008,Fall,37.51,-112.27,2,BC77295,ABCO,0,1,0.1,0.84,155,33.6,1.4,-0.01,1
BRCA,ABCO_77,Puma,2008,Fall,37.51,-112.27,2,BC77297,PSME,0,10,0,0.6,0,21.3,1.4,-0.03,1
BRCA,ABCO_77,Puma,2008,Fall,37.51,-112.27,2,BC77918,ABCO,0,40,2,0.77,0,27.8,1.4,-0.01,2
BRCA,ABCO_77,Puma,2008,Fall,37.51,-112.27,2,BC77920,PSME,0,0,1.5,0.62,52,33.6,1.4,0,2
BRCA,ABCO_78,Puma,2008,Fall,37.5,-112.27,2,BC78303,PSME,0,90,3,0.28,138,41.2,1.4,-0.03,3
BRCA,ABCO_78,Puma,2008,Fall,37.5,-112.27,2,BC78306,PSME,1,100,16,0.7,74,48.7,1.4,-0.02,2
BRCA,ABCO_78,Puma,2008,Fall,37.5,-112.27,2,BC78313,PSME,1,100,4,0.79,69,29.1,1.4,-0.03,1
BRCA,ABCO_78,Puma,2008,Fall,37.5,-112.27,2,BC78316,ABCO,1,95,3,0.99,0,42.4,1.4,-0.05,2
BRCA,ABCO_78,Puma,2008,Fall,37.5,-112.27,2,BC78317,PSME,0,99,5,0.73,0,39.8,1.4,-0.05,2
BRCA,ABCO_78,Puma,2008,Fall,37.5,-112.27,2,BC78320,ABCO,1,100,5,0.87,0,37.5,1.4,-0.03,4
BRCA,ABCO_78,Puma,2008,Fall,37.5,-112.27,2,BC78326,PSME,1,100,9,1.02,97,24.5,1.4,-0.03,1
CRLA,FPICO3D08_01,Cornerstone/Phoenix,2007,Fall,43.08,-122.01,2,CL01553,PIPO,0,0,0.5,3.24,178,31.4,0.5,0.08,0
CRLA,FPICO3D08_03,Cornerstone/Phoenix,2010,Fall,43.06,-122,4,CL03412,PIPO,0,0,1.5,0.84,959,25.3,0.8,0.01,0
CRLA,FPICO3D08_03,Cornerstone/Phoenix,2010,Fall,43.06,-122,4,CL03480,ABCO,0,5,0.1,3.72,265,48.1,0.8,-0.05,0
CRLA,FPICO3D08_03,Cornerstone/Phoenix,2010,Fall,43.06,-122,4,CL03485,ABCO,0,60,6,4.22,57,39.1,0.8,-0.03,0
CRLA,FPICO3D08_03,Cornerstone/Phoenix,2010,Fall,43.06,-122,4,CL03495,PIPO,0,3,0.3,0.57,187,53,0.8,-0.04,0
CRLA,FPICO3D08_03,Cornerstone/Phoenix,2010,Fall,43.06,-122,4,CL03498,PIPO,0,30,1.5,1.34,438,24.5,0.8,-0.04,0
CRLA,FPICO3D08_03,Cornerstone/Phoenix,2010,Fall,43.06,-122,4,CL03608,ABCO,1,80,2.1,2.71,739,15.4,0.8,0.08,0
CRLA,FPIPO1D09_06,Timbered Crater,2001,Fall,43.03,-122,2,CL06007,PIPO,0,30,0.3,2.85,541,18,0.1,0.08,1
CRLA,FPIPO1D09_06,Timbered Crater,2001,Fall,43.03,-122,2,CL06058,PIPO,0,5,0.3,2.27,1081,15.6,0.1,0.07,1
CRLA,FABCO1D08_07_CRLA,Cornerstone/Phoenix,2010,Fall,43.07,-122.01,4,CL07731,ABCO,0,50,0.1,1.88,159,33.2,0.8,0.02,0
CRLA,FABCO1D08_07_CRLA,Cornerstone/Phoenix,2010,Fall,43.07,-122.01,4,CL07734,ABCO,0,0,0.1,1.11,42,102.3,0.8,-0.03,0
CRLA,FABCO1D08_07_CRLA,Cornerstone/Phoenix,2010,Fall,43.07,-122.01,4,CL07739,ABCO,0,0,0.1,2.12,344,39.1,0.8,0.01,0
CRLA,FABCO1D08_07_CRLA,Cornerstone/Phoenix,2010,Fall,43.07,-122.01,4,CL07741,ABCO,0,70,5,1.38,458,36.6,0.8,0.01,0
CRLA,FABCO1D08_07_CRLA,Cornerstone/Phoenix,2010,Fall,43.07,-122.01,4,CL07749,ABCO,1,100,6,2,141,49.8,0.8,-0.02,0
CRLA,FABCO1D08_07_CRLA,Cornerstone/Phoenix,2010,Fall,43.07,-122.01,4,CL07750,ABCO,0,50,4,1.85,255,49.1,0.8,-0.03,0
CRLA,FABCO1D08_07_CRLA,Cornerstone/Phoenix,2010,Fall,43.07,-122.01,4,CL07754,ABCO,1,50,4,0.29,1021,22.7,0.8,-0.04,0
CRLA,FABCO1D08_07_CRLA,Cornerstone/Phoenix,2010,Fall,43.07,-122.01,4,CL07758,ABCO,1,100,9,0.86,978,28.4,0.8,-0.01,0
CRLA,FABCO1D08_07_CRLA,Cornerstone/Phoenix,2010,Fall,43.07,-122.01,4,CL07766,ABCO,1,10,2,0.13,3261,17.2,0.8,-0.01,2
CRLA,FABCO1D08_07_CRLA,Cornerstone/Phoenix,2010,Fall,43.07,-122.01,4,CL07770,ABCO,0,0,0.2,0.76,2915,19,0.8,0,1
CRLA,FABCO1D08_07_CRLA,Cornerstone/Phoenix,2010,Fall,43.07,-122.01,4,CL07776,PIPO,0,0,1.5,0.37,223,62.7,0.8,0.01,0
CRLA,FABCO1D08_07_CRLA,Cornerstone/Phoenix,2010,Fall,43.07,-122.01,4,CL07779,ABCO,0,15,4,2.45,56,78.9,0.8,0.05,0
CRLA,FPIPO1D09_14,Timbered Crater,2001,Fall,43.05,-122,2,CL14013,PIPO,0,0,0.4,1.51,607,17,0.1,0.04,1
CRLA,FPIPO1D09_14,Timbered Crater,2001,Fall,43.05,-122,2,CL14065,PIPO,0,10,4,0.75,62,65.1,0.1,-0.02,1
CRLA,FPIPO1D09_14,Timbered Crater,2001,Fall,43.05,-122,2,CL14066,PIPO,0,0,4,0.71,35,70.4,0.1,0,0
CRLA,FABCO1D08_06,Panhandle Unit,2003,Summer,42.81,-122.1,1,CLA6039,ABCO,0,15,0.3,0.58,1661,21.8,0.2,-0.01,0
CRLA,FABCO1D08_06,Panhandle Unit,2003,Summer,42.81,-122.1,1,CLA6080,ABCO,0,5,4.5,0.88,382,52.5,0.2,0,0
CRLA,FPICO3D08_02,Cornerstone/Phoenix,2010,Fall,43.05,-122,4,CLP2601,PIPO,0,0,0.5,0.34,859,22.6,0.8,-0.01,1
CRLA,FPICO3D08_02,Cornerstone/Phoenix,2010,Fall,43.05,-122,4,CLP2602,PIPO,0,0,0,1.83,400,33.1,0.8,0.03,0
CRLA,FPICO3D08_02,Cornerstone/Phoenix,2010,Fall,43.05,-122,4,CLP2604,PIPO,0,0,1,0.76,4,146.3,0.8,0,0
CRLA,FPICO3D08_02,Cornerstone/Phoenix,2010,Fall,43.05,-122,4,CLP2629,PIPO,0,0,0.8,0.31,65,82.4,0.8,0,0
CRLA,FPICO3D08_02,Cornerstone/Phoenix,2010,Fall,43.05,-122,4,CLP2634,PIPO,0,0,0,1.2,235,43.2,0.8,-0.04,0
CRLA,FPICO3D08_02,Cornerstone/Phoenix,2010,Fall,43.05,-122,4,CLP2640,PIPO,0,0,0.3,1.45,208,50.3,0.8,-0.02,0
CRLA,FPICO3D08_02,Cornerstone/Phoenix,2010,Fall,43.05,-122,4,CLP2642,PIPO,0,0,0.1,1.51,147,59.9,0.8,0,0
ELMA,FPIPO1T02_13,Big Horn,1996,Summer,34.93,-108.08,5,E138427,PIPO,0,5,1.7,0.63,41,37.9,-0.1,0.01,2
ELMA,FPIPO1T02_13,Big Horn,1996,Summer,34.93,-108.08,5,E138436,PIPO,1,5,3.2,1.63,78,38.7,-0.1,0.02,2
ELMA,FPIPO1T02_13,Big Horn,1996,Summer,34.93,-108.08,5,E138443,PIPO,0,2,0.4,1.24,129,21.3,-0.1,0.01,2
ELMA,FPIPO1T02_13,Big Horn,1996,Summer,34.93,-108.08,5,E138444,PSME,1,100,1.8,0.33,131,29.9,-0.1,0.01,2
ELMA,FPIPO1T02_13,Big Horn,1996,Summer,34.93,-108.08,5,E138445,PSME,0,10,1.6,0.28,933,17.7,-0.1,0,3
ELMA,FPIPO1T02_16,Homestead,1999,Fall,34.98,-108.11,5,E168609,PIPO,0,80,7,0.49,121,31.1,0.3,0,3
ELMA,FPIPO1T02_16,Homestead,1999,Fall,34.98,-108.11,5,E168610,PIPO,0,95,9,2.05,13,66.8,0.3,0.02,1
ELMA,FPIPO1T02_16,Homestead,1999,Fall,34.98,-108.11,5,E168612,PIPO,0,85,5,0.86,57,45.4,0.3,-0.02,2
ELMA,FPIPO1T02_16,Homestead,1999,Fall,34.98,-108.11,5,E168613,PIPO,0,90,2,0.69,263,21.1,0.3,0.01,3
ELMA,FPIPO1T02_17,Homestead,1999,Fall,34.98,-108.11,5,E170045,PIPO,1,85,9.7,1.19,0,44.4,0.3,0.01,2
ELMA,FPIPO1T02_17,Homestead,1999,Fall,34.98,-108.11,5,E170050,PIPO,0,95,5,1.05,61,43.7,0.3,0.02,1
ELMA,FPIPO1T02_29,North Little Hole,2003,Fall,34.92,-108.09,5,E290911,PIPO,0,35,2,0.56,460,27.6,0.9,-0.06,3
ELMA,FPIPO1T02_29,North Little Hole,2003,Fall,34.92,-108.09,5,E290915,PIPO,0,85,2.3,0.44,119,31.3,0.9,-0.02,5
ELMA,FPIPO1T02_29,North Little Hole,2003,Fall,34.92,-108.09,5,E290916,PIPO,0,1,3.2,0.68,101,41.6,0.9,-0.07,4
ELMA,FPIPO1T02_29,North Little Hole,2003,Fall,34.92,-108.09,5,E290918,PIPO,0,25,4.5,1.16,124,43.5,0.9,-0.07,4
ELMA,FPIPO1T02_29,North Little Hole,2003,Fall,34.92,-108.09,5,E290924,PIPO,0,85,1.5,0.39,203,24,0.9,-0.02,4
ELMA,FPIPO1T02_29,North Little Hole,2003,Fall,34.92,-108.09,5,E290926,PIPO,0,70,1.9,0.26,192,24.7,0.9,-0.02,5
ELMA,FPIPO1T02_32,East Rendija,2006,Spring,34.95,-108.12,2,E320574,PIPO,0,100,12,0.84,696,20.5,1.2,-0.06,4
ELMA,FPIPO1T02_32,East Rendija,2006,Spring,34.95,-108.12,2,E320575,PIPO,0,100,12,0.56,343,32,1.2,-0.1,6
ELMA,FPIPO1T02_32,East Rendija,2006,Spring,34.95,-108.12,2,E320588,PIPO,0,5,7,0.82,231,22.5,1.2,-0.11,5
ELMA,FPIPO1T02_32,East Rendija,2006,Spring,34.95,-108.12,2,E320597,PIPO,0,95,5,0.46,365,25.3,1.2,-0.06,4
ELMA,FPIPO1T02_32,East Rendija,2006,Spring,34.95,-108.12,2,E320996,PIPO,0,40,3,0.59,300,27.9,1.2,-0.09,4
ELMA,FPIPO1T02_32,East Rendija,2006,Spring,34.95,-108.12,2,E320997,PIPO,0,30,4,0.63,462,31.8,1.2,-0.07,3
LABE,FPIPO1D09_10,South Boundary,2003,Spring,41.69,-121.49,9,LB10338,PIPO,0,35,3.5,1.92,212,35.2,0.2,-0.07,2
LABE,FPIPO1D09_10,South Boundary,2003,Spring,41.69,-121.49,9,LB10341,PIPO,0,7,3,0.91,39,67.1,0.2,-0.02,2
LABE,FPIPO1D09_10,South Boundary,2003,Spring,41.69,-121.49,9,LB10342,PIPO,0,5,1,1.41,18,69.6,0.2,-0.02,1
LABE,FPIPO1D09_55,South Boundary,2003,Spring,41.7,-121.49,9,LB55222,PIPO,1,80,8,1.6,0,34.8,0.2,0.03,3
LABE,FPIPO1D09_55,South Boundary,2003,Spring,41.7,-121.49,9,LB55242,PIPO,0,30,0.3,1.83,160,33.1,0.2,-0.02,1
LABE,FPIPO1D09_55,South Boundary,2003,Spring,41.7,-121.49,9,LB55249,PIPO,1,75,6,1.28,0,41.8,0.2,0,2
LAVO,FABCO1D08_04,Butte Lake,2004,Summer,40.58,-121.3,6,LV04489,ABCO,0,0,0.5,2.09,1392,21,0.5,0.02,0
LAVO,FABCO1D08_04,Butte Lake,2004,Summer,40.58,-121.3,6,LV04491,ABCO,0,0,0,1.59,132,44.6,0.5,-0.18,1
LAVO,FABCO1D08_05,Butte Lake,2004,Summer,40.58,-121.3,6,LV05248,ABCO,0,0,1,0.26,1345,32.3,0.5,-0.04,2
LAVO,FABCO1D08_05,Butte Lake,2004,Summer,40.58,-121.3,6,LV05249,ABCO,1,0,0.5,0.34,1711,24.8,0.5,-0.07,3
LAVO,FABCO1D08_05,Butte Lake,2004,Summer,40.58,-121.3,6,LV05255,ABCO,0,0,1,2.98,266,65.5,0.5,-0.05,0
LAVO,FPIJE1D09_06,Butte Lake,2008,Fall,40.58,-121.29,2,LV06233,ABCO,0,0,0,3.27,356,35.1,0.7,0.01,0
LAVO,FPIJE1D09_06,Butte Lake,2008,Fall,40.58,-121.29,2,LV06619,ABCO,0,65,8,4.77,212,49.8,0.7,0.06,0
LAVO,FABCO1D08_07_LAVO,Butte Lake,2004,Summer,40.58,-121.29,6,LV07394,ABCO,0,3,7,0.69,117,47.4,0.5,-0.18,1
LAVO,FABCO1D08_07_LAVO,Butte Lake,2004,Summer,40.58,-121.29,6,LV07447,ABCO,0,15,6,3.56,111,39.7,0.5,0.13,1
LAVO,FPIJE1D09_09,Butte Lake,2004,Summer,40.57,-121.3,6,LV09518,ABCO,0,55,3,4.12,144,49.4,0.5,0.02,0
LAVO,FPIJE1D09_09,Butte Lake,2004,Summer,40.57,-121.3,6,LV09519,ABCO,0,25,0,3.45,483,33,0.5,0.06,0
LAVO,FABCO1D08_12,Butte Lake,2004,Summer,40.58,-121.3,6,LV12709,ABCO,0,50,6,4.19,341,42.4,0.5,0.02,0
LAVO,FABCO1D08_12,Butte Lake,2004,Summer,40.58,-121.3,6,LV12716,ABCO,0,50,0,3.96,388,33.6,0.5,0.01,0
LAVO,FABCO1D08_12,Butte Lake,2004,Summer,40.58,-121.3,6,LV12731,ABCO,0,2,0.1,2.05,242,60.2,0.5,-0.12,0
LAVO,FABCO1D08_12,Butte Lake,2004,Summer,40.58,-121.3,6,LV12738,ABCO,0,0,2,1.15,53,141.5,0.5,-0.05,0
LAVO,FABCO1D08_14,Butte Lake,2004,Summer,40.58,-121.3,6,LV14003,ABCO,0,0,0,5.17,305,37.9,0.5,0.12,0
LAVO,FABCO1D08_14,Butte Lake,2004,Summer,40.58,-121.3,6,LV14017,ABCO,0,10,1,1.03,1573,22.4,0.5,-0.04,0
LAVO,FABCO1D08_14,Butte Lake,2004,Summer,40.58,-121.3,6,LV14693,ABCO,0,0,0,2.67,316,50,0.5,-0.08,0
LAVO,FABCO1D08_50,Butte Lake,2004,Summer,40.58,-121.3,6,LV50119,ABCO,0,60,0.8,2.82,153,58.7,0.5,-0.08,0
LAVO,FABCO1D08_50,Butte Lake,2004,Summer,40.58,-121.3,6,LV50123,ABCO,0,1,5.5,5.02,30,93.7,0.5,0,0
LAVO,FABCO1D08_50,Butte Lake,2004,Summer,40.58,-121.3,6,LV50195,ABCO,0,60,2,1.87,852,28.7,0.5,-0.01,0
LAVO,FABCO1D08_52,Butte Lake,2004,Summer,40.58,-121.29,6,LV52203,ABCO,1,0,0.1,1.53,882,28.2,0.5,-0.04,0
LAVO,FABCO1D08_52,Butte Lake,2004,Summer,40.58,-121.29,6,LV52230,ABCO,1,0,8,0.19,555,30.8,0.5,-0.09,2
LAVO,FABCO1D08_52,Butte Lake,2004,Summer,40.58,-121.29,6,LV52233,ABCO,0,0,6.5,3.18,223,52.5,0.5,0.02,1
LAVO,FABCO1D08_52,Butte Lake,2004,Summer,40.58,-121.29,6,LV52248,ABCO,0,10,4,1.98,166,65,0.5,-0.13,0
LAVO,FABCO1D08_53,Butte Lake,2004,Summer,40.58,-121.29,6,LV53033,ABCO,0,0,0,2.7,144,65.4,0.5,-0.12,0
LAVO,FABCO1D08_53,Butte Lake,2004,Summer,40.58,-121.29,6,LV53291,ABCO,0,0,0.2,1.71,432,34.9,0.5,-0.06,0
LAVO,FABCO1D08_54,Butte Lake,2004,Summer,40.58,-121.29,6,LV54332,ABCO,0,2,5,2.46,353,38.6,0.5,-0.06,0
LAVO,FABCO1D08_54,Butte Lake,2004,Summer,40.58,-121.29,6,LV54369,ABCO,0,0,0,1.45,276,25.2,0.5,-0.13,1
LAVO,FABCO1D08_54,Butte Lake,2004,Summer,40.58,-121.29,6,LV54375,ABCO,0,1,9,3.37,49,60,0.5,-0.07,0
GRCA,PIAB_01,Uncle Jim,2007,Fall,36.23,-112.04,5,NR01010,PSME,0,0,0.5,1.01,63,60.9,1,-0.01,1
GRCA,PIAB_01,Uncle Jim,2007,Fall,36.23,-112.04,5,NR01013,ABCO,1,2,5,1.63,460,25.2,1,-0.03,2
GRCA,PIAB_01,Uncle Jim,2007,Fall,36.23,-112.04,5,NR01023,ABCO,0,0,0.5,1.49,1249,18.1,1,-0.02,2
GRCA,PIAB_01,Uncle Jim,2007,Fall,36.23,-112.04,5,NR01024,ABCO,0,10,0.5,1.55,1782,16.2,1,0.02,3
GRCA,PIAB_01,Uncle Jim,2007,Fall,36.23,-112.04,5,NR01026,ABCO,0,0,0.5,1.26,1639,15.8,1,0.01,1
GRCA,PIAB_01,Uncle Jim,2007,Fall,36.23,-112.04,5,NR01029,ABCO,0,22,1,1.82,192,30.2,1,-0.02,2
GRCA,PIAB_01,Uncle Jim,2007,Fall,36.23,-112.04,5,NR01049,ABCO,0,5,0,0.93,480,15.6,1,0,2
GRCA,PIAB_06,NW V,2007,Fall,36.34,-112.28,5,NR06008,ABCO,0,5,1,1.4,1718,16.5,1.1,-0.03,0
GRCA,PIAB_06,NW V,2007,Fall,36.34,-112.28,5,NR06014,PIPO,0,0,7,0.26,159,60.7,1.1,-0.01,2
GRCA,PIAB_06,NW V,2007,Fall,36.34,-112.28,5,NR06016,ABCO,0,20,4,1.72,729,29.7,1.1,-0.04,1
GRCA,PIAB_06,NW V,2007,Fall,36.34,-112.28,5,NR06019,PIPO,0,0,3,0.32,167,70.1,1.1,-0.03,1
GRCA,PIAB_06,NW V,2007,Fall,36.34,-112.28,5,NR06023,ABCO,0,10,5,1.04,209,47.3,1.1,-0.13,0
GRCA,PIAB_11,NW V,2004,Summer,36.23,-112.09,5,NR11048,ABCO,0,15,0,1.41,359,22.1,0.9,-0.05,2
GRCA,PIAB_11,NW V,2004,Summer,36.23,-112.09,5,NR11064,PIPO,1,60,4,0.16,119,44.4,0.9,-0.01,4
GRCA,PIAB_11,NW V,2004,Summer,36.23,-112.09,5,NR11075,ABCO,1,60,0.5,0.99,501,21.6,0.9,-0.02,0
GRCA,PIAB_11,NW V,2004,Summer,36.23,-112.09,5,NR11086,ABCO,0,10,2.5,1.04,767,23.1,0.9,-0.03,1
GRCA,PIAB_11,NW V,2004,Summer,36.23,-112.09,5,NR11087,ABCO,0,5,2.5,1.74,385,30.2,0.9,-0.03,1
GRCA,PIAB_11,NW V,2004,Summer,36.23,-112.09,5,NR11093,ABCO,0,60,0.3,1.77,808,22.5,0.9,0,0
GRCA,PIAB_12,Outlet,2000,Spring,36.25,-112.11,5,NR12061,ABCO,0,1,0,1.45,1383,17.2,0.2,0.01,1
GRCA,PIAB_12,Outlet,2000,Spring,36.25,-112.11,5,NR12082,ABCO,0,2,0,2.11,380,32.8,0.2,-0.01,0
GRCA,PIAB_12,Outlet,2000,Spring,36.25,-112.11,5,NR12085,ABCO,0,1,0,0.9,439,25.8,0.2,0,0
GRCA,PIAB_12,Outlet,2000,Spring,36.25,-112.11,5,NR12088,ABCO,0,1,0.4,1.07,877,20,0.2,0,0
GRCA,PIEN_13,Thompson,2012,Fall,36.33,-112.11,3,NR13037,PSME,0,20,0.4,1.04,377,17.6,1.3,0.02,0
GRCA,PIEN_13,Thompson,2012,Fall,36.33,-112.11,3,NR13043,ABCO,1,40,3.7,0.18,0,25.6,1.3,-0.02,2
GRCA,PIEN_13,Thompson,2012,Fall,36.33,-112.11,3,NR13058,ABCO,0,40,1.3,0.49,248,26.6,1.3,-0.02,0
GRCA,PIEN_13,Thompson,2012,Fall,36.33,-112.11,3,NR13064,ABCO,0,0,2.8,0.84,36,56.9,1.3,0,0
GRCA,PIEN_13,Thompson,2012,Fall,36.33,-112.11,3,NR13069,ABCO,0,5,3.4,0.89,47,61,1.3,-0.04,0
GRCA,PIEN_13,Thompson,2012,Fall,36.33,-112.11,3,NR13073,ABCO,0,1,2.4,1.19,265,33.2,1.3,0.04,0
GRCA,PIEN_13,Thompson,2012,Fall,36.33,-112.11,3,NR13080,PSME,0,0,0.4,0.74,147,44.6,1.3,-0.03,0
GRCA,PIEN_13,Thompson,2012,Fall,36.33,-112.11,3,NR13081,ABCO,0,10,0.3,0.54,182,35.8,1.3,-0.04,1
GRCA,PIAB_14,Walhalla,2007,Fall,36.23,-111.99,5,NR14020,PIPO,1,0,7,0.94,87,51.8,1.1,-0.03,2
GRCA,PIAB_14,Walhalla,2007,Fall,36.23,-111.99,5,NR14026,PIPO,1,0,7,0.59,169,37.2,1.1,-0.01,2
GRCA,PIAB_14,Walhalla,2007,Fall,36.23,-111.99,5,NR14027,PIPO,1,0,7,0.64,169,41.6,1.1,-0.02,1
GRCA,PIAB_14,Walhalla,2007,Fall,36.23,-111.99,5,NR14033,PIPO,1,0,1,0.62,354,25.7,1.1,-0.01,1
GRCA,PIAB_14,Walhalla,2007,Fall,36.23,-111.99,5,NR14038,PIPO,1,20,8,1.21,35,57.7,1.1,-0.03,2
GRCA,PIAB_21,Uncle Jim,2007,Fall,36.22,-112.05,5,NR21036,ABCO,0,1,0.1,1.37,773,24.6,1.1,-0.08,2
GRCA,PIAB_21,Uncle Jim,2007,Fall,36.22,-112.05,5,NR21041,PIPO,0,0,1,0.19,49,85,1.1,-0.02,3
GRCA,PIAB_21,Uncle Jim,2007,Fall,36.22,-112.05,5,NR21046,ABCO,0,1,1,0.79,621,21.7,1.1,-0.01,3
GRCA,PIAB_21,Uncle Jim,2007,Fall,36.22,-112.05,5,NR21069,PIPO,1,40,5,0.2,140,28.9,1.1,0,4
GRCA,PIAB_21,Uncle Jim,2007,Fall,36.22,-112.05,5,NR21087,PIPO,0,0,12,0.72,47,61.3,1.1,-0.04,1
GRCA,PIAB_21,Uncle Jim,2007,Fall,36.22,-112.05,5,NR21090,PIPO,0,50,3,0.52,691,18.4,1.1,-0.01,1
GRCA,PIAB_22,Outlet,1997,Summer,36.25,-112.1,5,NR22004,PIPO,0,5,0.2,0.79,113,55.7,0.5,-0.01,0
GRCA,PIAB_22,Outlet,1997,Summer,36.25,-112.1,5,NR22018,ABCO,0,7,0.1,2.47,681,27.8,0.5,-0.01,0
GRCA,PIAB_22,Outlet,1997,Summer,36.25,-112.1,5,NR22046,PIPO,0,5,4,0.63,48,69.7,0.5,0.02,2
GRCA,PIAB_22,Outlet,1997,Summer,36.25,-112.1,5,NR22047,ABCO,0,75,0,3.59,176,36.5,0.5,0.03,0
GRCA,PIAB_25,NW III,2007,Fall,36.34,-112.25,5,NR25088,ABCO,0,10,0,1.78,105,33.3,1,-0.03,0
GRCA,PIAB_25,NW III,2007,Fall,36.34,-112.25,5,NR25090,ABCO,0,0,2,2.03,173,36.8,1,-0.02,0
GRCA,PIPN_01,NW I,2007,Fall,36.35,-112.27,5,NRP1057,ABCO,0,5,6,0.58,205,41.4,1.1,-0.09,1
GRCA,PIPN_02,NW I,2007,Fall,36.35,-112.26,5,NRP2067,PIPO,0,10,18,0.54,64,73.8,1,0,0
GRCA,PIPN_02,NW I,2007,Fall,36.35,-112.26,5,NRP2070,PIPO,0,10,15,0.6,93,61.4,1,-0.01,1
GRCA,PIPN_02,NW I,2007,Fall,36.35,-112.26,5,NRP2072,ABCO,0,50,0,2.38,136,58.6,1,-0.16,0
GRCA,PIPN_02,NW I,2007,Fall,36.35,-112.26,5,NRP2083,PSME,0,80,12,0.99,177,44.5,1,-0.08,2
GRCA,PIPN_02,NW I,2007,Fall,36.35,-112.26,5,NRP2093,PIPO,0,5,8,1.28,190,60.7,1,-0.03,1
SEKI,FFS2-20,SEKI_FFS2,2001,Fall,36.6,-118.75,3,S022188,ABCO,0,0,1.5,0.34,3205,15.4,0.2,-0.01,1
SEKI,FFS2-20,SEKI_FFS2,2001,Fall,36.6,-118.75,3,S022193,ABCO,0,0,0.6,4.02,47,60.8,0.2,0.04,0
SEKI,FFS2-31,SEKI_FFS2,2001,Fall,36.6,-118.75,3,S023513,ABCO,1,0,0.5,0.24,88,96.5,0.3,0,0
SEKI,FFS2-31,SEKI_FFS2,2001,Fall,36.6,-118.75,3,S023542,ABCO,0,0,0.9,2.07,24,131.8,0.3,-0.03,0
SEKI,FFS2-17,SEKI_FFS2,2001,Fall,36.59,-118.75,3,S023554,ABCO,0,30,4.3,2.17,92,66.6,0.2,-0.04,0
SEKI,FFS2-17,SEKI_FFS2,2001,Fall,36.59,-118.75,3,S023559,ABCO,0,30,0.1,1.11,515,26.1,0.2,0,0
SEKI,FFS2-33,SEKI_FFS3,2001,Fall,36.6,-118.75,3,S023632,ABCO,0,0,0,0.88,3587,18.5,0.3,0,0
SEKI,FFS2-18,SEKI_FFS2,2001,Fall,36.59,-118.75,3,S023667,ABCO,1,20,3.8,1.37,52,47.5,0.2,-0.07,1
SEKI,FFS5-31,SEKI_FFS5,2001,Fall,36.59,-118.75,3,S051536,ABCO,0,0,3.9,1.12,230,59.7,0.2,0.02,0
SEKI,FFS5-31,SEKI_FFS5,2001,Fall,36.59,-118.75,3,S051556,ABCO,0,30,0.26,0.98,89,108.7,0.2,-0.06,1
SEKI,FFS5-31,SEKI_FFS5,2001,Fall,36.59,-118.75,3,S051558,ABCO,0,40,1.6,2.16,3363,15.6,0.2,0.06,0
SEKI,FFS5-31,SEKI_FFS5,2001,Fall,36.59,-118.75,3,S051559,ABCO,0,10,1.2,0.49,1097,29.2,0.2,0,1
SEKI,FFS5-4,SEKI_FFS5,2001,Fall,36.59,-118.76,3,S051723,ABCO,0,30,10.4,1.54,41,53.3,0.3,0.01,0
SEKI,LOTHAR,Tharps,2004,Summer,36.56,-118.74,5,SLO2632,ABCO,0,0,5.6,3.14,55,79.8,0.7,0.03,0
SEKI,LOTHAR,Tharps,2004,Summer,36.56,-118.74,5,SLO2689,ABCO,0,20,5.9,2.91,219,46.2,0.7,0,0
SEKI,LOTHAR,Tharps,2004,Summer,36.56,-118.74,5,SLO2860,ABCO,1,5,6.9,1.87,91,71.8,0.7,0.04,0
SEKI,LOTHAR,Tharps,2004,Summer,36.56,-118.74,5,SLO2878,ABCO,1,5,23.1,1.36,79,105.4,0.7,0,0
SEKI,LOTHAR,Tharps,2004,Summer,36.56,-118.74,5,SLO2953,ABCO,0,15,25.3,0.34,51,83.1,0.7,-0.05,0
SEKI,LOTHAR,Tharps,2004,Summer,36.56,-118.74,5,SLO5101,ABCO,1,75,7,2.72,97,54.9,0.7,-0.01,0
GRCA,PIPO_06,Quarry,2009,Spring,36.01,-112.13,2,SR06034,PIPO,0,100,2,0.59,952,19.2,1.4,-0.05,4
GRCA,PIPO_06,Quarry,2009,Spring,36.01,-112.13,2,SR06038,PIPO,0,2,1.5,0.51,1398,19.4,1.4,-0.06,4
GRCA,PIPO_06,Quarry,2009,Spring,36.01,-112.13,2,SR06040,PIPO,0,5,2.5,0.78,644,26.1,1.4,-0.05,6
GRCA,PIPO_06,Quarry,2009,Spring,36.01,-112.13,2,SR06047,PIPO,0,30,2,0.48,1369,19.6,1.4,-0.07,3
GRCA,PIPO_06,Quarry,2009,Spring,36.01,-112.13,2,SR06048,PIPO,0,25,3,1.07,53,40.8,1.4,-0.04,5
GRCA,PIPO_06,Quarry,2009,Spring,36.01,-112.13,2,SR06050,PIPO,0,15,0,1.37,80,33.1,1.4,-0.06,3
GRCA,PIPO_07,Entrance,2007,Fall,36.04,-112.13,5,SR07041,PIPO,0,10,6,0.58,377,30.5,1.1,-0.06,4
GRCA,PIPO_07,Entrance,2007,Fall,36.04,-112.13,5,SR07048,PIPO,0,0,8,0.45,355,38.5,1.1,-0.03,5
GRCA,PIPO_07,Entrance,2007,Fall,36.04,-112.13,5,SR07054,PIPO,0,5,2,0.5,862,24.7,1.1,-0.04,6
GRCA,PIPO_07,Entrance,2007,Fall,36.04,-112.13,5,SR07063,PIPO,0,5,3,0.69,41,46.1,1.1,-0.04,2
GRCA,PIPO_07,Entrance,2007,Fall,36.04,-112.13,5,SR07067,PIPO,0,5,3,0.75,425,35.2,1.1,-0.06,4
GRCA,PIPO_07,Entrance,2007,Fall,36.04,-112.13,5,SR07070,PIPO,0,95,2,0.56,921,16.9,1.1,-0.07,5
GRCA,PIPO_12,Picnic,2009,Spring,36.04,-112.12,2,SR12003,PIPO,0,3,1,0.23,180,49.4,1.6,-0.03,7
GRCA,PIPO_12,Picnic,2009,Spring,36.04,-112.12,2,SR12007,PIPO,0,10,3,0.29,1023,30.7,1.6,-0.04,5
GRCA,PIPO_12,Picnic,2009,Spring,36.04,-112.12,2,SR12011,PIPO,0,10,1.5,0.62,292,30,1.6,-0.06,5
GRCA,PIPO_12,Picnic,2009,Spring,36.04,-112.12,2,SR12018,PIPO,0,0,4,0.71,148,54.4,1.6,-0.01,4
GRCA,PIPO_12,Picnic,2009,Spring,36.04,-112.12,2,SR12020,PIPO,0,0,1.5,0.55,585,21.2,1.6,-0.03,5
GRCA,PIPO_12,Picnic,2009,Spring,36.04,-112.12,2,SR12078,PIPO,0,2,2,0.74,966,16.5,1.6,-0.02,5
GRCA,PIPO_19,Lonetree,2007,Spring,36,-112.08,5,SR19065,PIPO,0,3,0.7,1.61,507,26.3,1.1,-0.02,3
GRCA,PIPO_19,Lonetree,2007,Spring,36,-112.08,5,SR19069,PIPO,1,60,19,0.23,16,73.5,1.1,-0.01,5
GRCA,PIPO_19,Lonetree,2007,Spring,36,-112.08,5,SR19070,PIPO,1,80,19,0.42,37,49,1.1,0,3
GRCA,PIPO_19,Lonetree,2007,Spring,36,-112.08,5,SR19075,PIPO,0,90,4,0.54,23,61.2,1.1,0,3
GRCA,PIPO_19,Lonetree,2007,Spring,36,-112.08,5,SR19078,PIPO,0,0,0.1,0.39,44,63,1.1,0,3
GRCA,PIPO_20,Watson IV,2011,Fall,35.98,-112,3,SR20023,PIPO,0,0,0.1,1.41,461,19.5,1.6,-0.03,2
GRCA,PIPO_20,Watson IV,2011,Fall,35.98,-112,3,SR20075,PIPO,0,10,0.6,0.41,2317,17.4,1.6,-0.06,5
GRCA,PIPO_20,Watson IV,2011,Fall,35.98,-112,3,SR20076,PIPO,0,0,0.2,0.57,1550,19.9,1.6,-0.04,4
GRCA,PIPO_20,Watson IV,2011,Fall,35.98,-112,3,SR20080,PIPO,0,30,0.8,0.74,444,28.1,1.6,-0.05,4
GRCA,PIPO_20,Watson IV,2011,Fall,35.98,-112,3,SR20084,PIPO,0,40,3.1,0.95,104,50.4,1.6,0.02,5
GRCA,PIPO_20,Watson IV,2011,Fall,35.98,-112,3,SR20122,PIPO,1,30,0.5,0.47,1154,15.1,1.6,-0.05,6
GRCA,PIPO_22,Watson IV,2011,Fall,35.99,-112.01,3,SR22002,PIPO,0,5,0.5,0.82,608,20.8,1.6,-0.01,3
GRCA,PIPO_22,Watson IV,2011,Fall,35.99,-112.01,3,SR22003,PIPO,0,0,0.4,0.64,287,42.8,1.6,-0.02,2
GRCA,PIPO_22,Watson IV,2011,Fall,35.99,-112.01,3,SR22006,PIPO,0,0,0.1,0.85,253,26.3,1.6,-0.03,3
GRCA,PIPO_22,Watson IV,2011,Fall,35.99,-112.01,3,SR22014,PIPO,0,0,0.5,0.36,178,54.3,1.6,-0.01,5
GRCA,PIPO_22,Watson IV,2011,Fall,35.99,-112.01,3,SR22018,PIPO,0,0,0.6,0.73,718,22.1,1.6,0.02,5
GRCA,PIPO_22,Watson IV,2011,Fall,35.99,-112.01,3,SR22184,PIPO,0,0,0.3,1.1,1067,15.7,1.6,-0.04,3
GRCA,PIPO_23,Tusayan,2007,Fall,36,-112.12,5,SR23007,PIPO,0,5,2,0.35,87,63.4,1,-0.04,5
GRCA,PIPO_23,Tusayan,2007,Fall,36,-112.12,5,SR23008,PIPO,0,5,2,0.15,137,43.8,1,-0.01,6
GRCA,PIPO_23,Tusayan,2007,Fall,36,-112.12,5,SR23012,PIPO,0,70,3,0.64,15,76.9,1,-0.04,5
GRCA,PIPO_23,Tusayan,2007,Fall,36,-112.12,5,SR23013,PIPO,0,10,1,0.93,685,19.6,1,-0.04,3
GRCA,PIPO_23,Tusayan,2007,Fall,36,-112.12,5,SR23016,PIPO,0,0,2,0.75,658,20,1,-0.04,3
GRCA,PIPO_33,Long Jim I,2005,Fall,36.02,-112.09,5,SR33001,PIPO,0,0,2,1.06,604,24.1,1.1,-0.01,5
GRCA,PIPO_33,Long Jim I,2005,Fall,36.02,-112.09,5,SR33011,PIPO,0,0,0.2,2.15,348,27.5,1.1,-0.03,3
GRCA,PIPO_33,Long Jim I,2005,Fall,36.02,-112.09,5,SR33013,PIPO,0,0,1.5,0.95,125,52.9,1.1,-0.06,2
GRCA,PIPO_33,Long Jim I,2005,Fall,36.02,-112.09,5,SR33014,PIPO,0,1,1.3,1.13,557,25.1,1.1,-0.04,3
GRCA,PIPO_33,Long Jim I,2005,Fall,36.02,-112.09,5,SR33018,PIPO,0,0,0.5,0.32,19,68.3,1.1,-0.02,2
GRCA,PIPO_35,Long Jim II,2006,Spring,36.01,-112.09,5,SR35011,PIPO,0,1,1.5,0.24,96,52.3,1.1,-0.02,5
GRCA,PIPO_35,Long Jim II,2006,Spring,36.01,-112.09,5,SR35014,PIPO,0,1,1,0.27,22,63.1,1.1,-0.02,4
GRCA,PIPO_35,Long Jim II,2006,Spring,36.01,-112.09,5,SR35015,PIPO,0,90,1.5,0.78,922,19.5,1.1,-0.04,4
GRCA,PIPO_35,Long Jim II,2006,Spring,36.01,-112.09,5,SR35019,PIPO,0,0,1,0.15,20,66.7,1.1,-0.01,6
GRCA,PIPO_35,Long Jim II,2006,Spring,36.01,-112.09,5,SR35020,PIPO,1,5,2,0.14,65,63.4,1.1,-0.01,4
GRCA,PIPO_35,Long Jim II,2006,Spring,36.01,-112.09,5,SR35021,PIPO,0,5,3,0.24,79,47.2,1.1,-0.01,3
GRCA,PIPO_40,Hearst,2009,Fall,35.97,-111.96,2,SR40001,PIPO,0,15,2,0.34,348,35.5,1.5,-0.04,5
GRCA,PIPO_40,Hearst,2009,Fall,35.97,-111.96,2,SR40046,PIPO,0,0,2,0.51,1808,23.1,1.5,0,4
SEKI,UPTHAR,Tharps,2004,Summer,36.57,-118.74,5,SUP5204,ABCO,1,70,11.7,1.55,30,98,0.7,0.01,0
SEKI,UPTHAR,Tharps,2004,Summer,36.57,-118.74,5,SUP5245,ABCO,1,50,12.9,1.46,38,96.7,0.7,-0.01,1
SEKI,UPTHAR,Tharps,2004,Summer,36.57,-118.74,5,SUP5248,ABCO,1,85,15.4,2.48,30,108.4,0.7,0.02,2
SEKI,UPTHAR,Tharps,2004,Summer,36.57,-118.74,5,SUP5332,ABCO,0,5,12.9,1.05,61,87.8,0.7,-0.05,2
SEKI,UPTHAR,Tharps,2004,Summer,36.57,-118.74,5,SUP5362,ABCO,0,5,17.7,0.35,24,120,0.7,-0.01,0
SEKI,UPTHAR,Tharps,2004,Summer,36.57,-118.74,5,SUP5451,ABCO,1,30,6.6,0.59,133,55.4,0.7,0,1
YOSE,FPIPO1T0213,Soupbowl,2005,Summer,37.53,-119.63,5,Y213219,PIPO,0,0,1,0.23,2247,15.3,0.6,-0.01,2
YOSE,FPIPO1T0213,Soupbowl,2005,Summer,37.53,-119.63,5,Y213931,PIPO,0,2,1,2.83,769,42.7,0.6,-0.02,0
YOSE,FPIPO1T0213,Soupbowl,2005,Summer,37.53,-119.63,5,Y213966,PIPO,0,0,0.5,1.56,992,26.6,0.6,0.01,1
YOSE,FPIPO1T0213,Soupbowl,2005,Summer,37.53,-119.63,5,Y213969,PIPO,0,0,0.3,1.17,1260,23.6,0.6,0.02,3
YOSE,FPIPO1T0213,Soupbowl,2005,Summer,37.53,-119.63,5,Y213970,PIPO,0,5,0.8,0.95,1281,23.4,0.6,-0.08,3
YOSE,FPIPO1T0213,Soupbowl,2005,Summer,37.53,-119.63,5,Y213974,PIPO,0,0,0,0.82,706,27.3,0.6,-0.04,2
YOSE,FPIPO1T0213,Soupbowl,2005,Summer,37.53,-119.63,5,Y213975,PIPO,0,0,1.5,0.18,2107,15.8,0.6,-0.01,2
YOSE,FPIPO1T0213,Soupbowl,2005,Summer,37.53,-119.63,5,Y213976,PIPO,0,0,1,0.41,360,31.2,0.6,-0.04,2
YOSE,FPIPO1T0213,Soupbowl,2005,Summer,37.53,-119.63,5,Y213982,PIPO,0,10,1.5,1.26,968,30.1,0.6,-0.01,0
YOSE,FPIPO1T0213,Soupbowl,2005,Summer,37.53,-119.63,5,Y213986,PIPO,0,2,0.5,0.66,1234,22.3,0.6,-0.02,1
YOSE,FPIPO1T0216,Soupbowl,2005,Summer,37.53,-119.63,5,Y216622,PIPO,0,0,2.2,0.71,19,136.5,0.6,-0.01,1
YOSE,FPIPO1T0216,Soupbowl,2005,Summer,37.53,-119.63,5,Y216626,PIPO,0,0,4,0.57,38,117.5,0.6,0,0
YOSE,FPIPO1T0216,Soupbowl,2005,Summer,37.53,-119.63,5,Y216634,PIPO,0,0,3,0.74,41,138.1,0.6,0,0
YOSE,FPIPO1T0216,Soupbowl,2005,Summer,37.53,-119.63,5,Y216653,PIPO,0,0,1.5,1.9,1066,24,0.6,0,3
YOSE,FPIPO1T0216,Soupbowl,2005,Summer,37.53,-119.63,5,Y216825,PIPO,0,10,1.5,0.95,2027,17.4,0.6,-0.05,1
YOSE,FPIPO1T0216,Soupbowl,2005,Summer,37.53,-119.63,5,Y216995,PIPO,0,0,1,0.44,1075,23.9,0.6,-0.05,1
YOSE,FPIPO1T0217,Soupbowl,2005,Summer,37.53,-119.63,5,Y217658,PIPO,0,8,0.3,1.61,432,28.5,0.6,-0.07,0
YOSE,FPIPO1T0217,Soupbowl,2005,Summer,37.53,-119.63,5,Y217660,PIPO,0,15,4,1.94,12,122,0.6,-0.04,1
YOSE,FPIPO1T0218,Soupbowl,2005,Summer,37.53,-119.63,5,Y218604,PIPO,0,75,1,2.74,606,36.1,0.6,0.12,0
YOSE,FPIPO1T0218,Soupbowl,2005,Summer,37.53,-119.63,5,Y218619,PIPO,0,75,1.5,1.91,223,39.7,0.6,-0.03,0
YOSE,FPIPO1T0218,Soupbowl,2005,Summer,37.53,-119.63,5,Y218632,PIPO,0,5,0.5,1.13,297,48.6,0.6,-0.02,0
YOSE,FPIPO1T0225,Soupbowl,2005,Summer,37.53,-119.63,5,Y225029,PIPO,0,35,1,0.36,910,17,0.6,-0.02,1
YOSE,FPIPO1T0225,Soupbowl,2005,Summer,37.53,-119.63,5,Y225280,PIPO,0,20,1.5,2.34,315,28.9,0.6,0.05,0
YOSE,FPIPO1T0225,Soupbowl,2005,Summer,37.53,-119.63,5,Y225281,PIPO,0,95,0.4,1.47,1119,19.8,0.6,-0.01,0
YOSE,FPIPO1T0225,Soupbowl,2005,Summer,37.53,-119.63,5,Y225282,PIPO,0,5,7,0.59,26,143.5,0.6,-0.01,0
YOSE,FPIPO1T0225,Soupbowl,2005,Summer,37.53,-119.63,5,Y225284,PIPO,0,1,7,1.52,57,103.5,0.6,-0.01,2
YOSE,FPIPO1T0225,Soupbowl,2005,Summer,37.53,-119.63,5,Y225292,PIPO,0,5,6.5,0.78,81,93.1,0.6,-0.02,1
YOSE,FPIPO1T0225,Soupbowl,2005,Summer,37.53,-119.63,5,Y225295,PIPO,0,95,0.5,0.39,457,27.7,0.6,-0.02,2
YOSE,FPIPO1T0225,Soupbowl,2005,Summer,37.53,-119.63,5,Y225296,PIPO,0,50,1,1.97,100,29.6,0.6,0.06,1
YOSE,FSEGI1T0801,Mariposa Grove,2008,Fall,37.5,-119.61,2,Y801517,PIPO,0,5,1,1.83,511,29.3,0.8,0.07,0
YOSE,FPIPO1T0910,PW-04,2011,Summer,37.8,-119.86,4,Y910113,PIPO,0,0,6,1.3,1411,29.5,1.2,0.01,3
YOSE,FPIPO1T0910,PW-04,2011,Summer,37.8,-119.86,4,Y910114,ABCO,1,7,8,1.58,718,42.8,1.2,0.02,0
YOSE,FPIPO1T0910,PW-04,2011,Summer,37.8,-119.86,4,Y910119,ABCO,1,100,7,0.93,1328,29.3,1.2,0.01,0
YOSE,FPIPO1T0910,PW-04,2011,Summer,37.8,-119.86,4,Y910130,ABCO,1,0,4,1.76,596,48.5,1.2,0.01,0
YOSE,FPIPO1T0910,PW-04,2011,Summer,37.8,-119.86,4,Y910133,ABCO,1,2,6,0.49,1066,32.7,1.2,0,1
YOSE,FPIPO1T0910,PW-04,2011,Summer,37.8,-119.86,4,Y910145,ABCO,0,1,8,1,594,40.3,1.2,-0.01,1
YOSE,FPIPO1T0910,PW-04,2011,Summer,37.8,-119.86,4,Y910332,ABCO,1,80,7,0.85,925,35.1,1.2,-0.05,2
YOSE,FPIPO1T0910,PW-04,2011,Summer,37.8,-119.86,4,Y910799,ABCO,1,95,6,0.41,1420,29.4,1.2,-0.01,1
YOSE,FPIPL1T0913,Hodgdon Rx,2012,Fall,37.8,-119.86,3,Y913144,PIPO,0,70,0.3,2.39,173,59.5,0.9,0.06,0
YOSE,FPIPL1T0913,Hodgdon Rx,2012,Fall,37.8,-119.86,3,Y913150,ABCO,0,0,7.4,3.34,285,52.6,0.9,0.06,0
YOSE,FPIPL1T0913,Hodgdon Rx,2012,Fall,37.8,-119.86,3,Y913152,ABCO,0,5,6.3,0.86,926,29.2,0.9,-0.01,1
YOSE,FPIPL1T0913,Hodgdon Rx,2012,Fall,37.8,-119.86,3,Y913165,PIPO,0,0,1.3,1.11,302,34.1,0.9,0,0
YOSE,FPIPL1T0913,Hodgdon Rx,2012,Fall,37.8,-119.86,3,Y913166,ABCO,0,2,0.5,4.54,194,52.1,0.9,0.06,0
YOSE,FPIPL1T0913,Hodgdon Rx,2012,Fall,37.8,-119.86,3,Y913168,ABCO,0,0,0.6,3.76,324,43.5,0.9,0.05,1
YOSE,FPIPL1T0913,Hodgdon Rx,2012,Fall,37.8,-119.86,3,Y913169,ABCO,0,0,0.8,0.46,1916,17.9,0.9,0,0
YOSE,FPIPL1T0913,Hodgdon Rx,2012,Fall,37.8,-119.86,3,Y913170,PIPO,0,0,2.3,1.61,234,54.8,0.9,0.01,0
YOSE,FPIPL1T0913,Hodgdon Rx,2012,Fall,37.8,-119.86,3,Y913173,ABCO,0,0,0.4,2.37,521,29,0.9,0.07,0
YOSE,FPIPL1T0913,Hodgdon Rx,2012,Fall,37.8,-119.86,3,Y913176,PIPO,0,0,1.7,0.73,840,32.3,0.9,0.01,2
YOSE,FPIPL1T0913,Hodgdon Rx,2012,Fall,37.8,-119.86,3,Y913177,ABCO,1,1,0.2,1.38,1107,21.8,0.9,0.01,0
YOSE,FPIPL1T0913,Hodgdon Rx,2012,Fall,37.8,-119.86,3,Y913178,ABCO,1,0,3.8,2.7,358,41.4,0.9,0.03,0
YOSE,FPIPL1T0913,Hodgdon Rx,2012,Fall,37.8,-119.86,3,Y913182,PIPO,0,0,0.1,0.48,245,50.1,0.9,-0.01,2
YOSE,FPIPL1T0913,Hodgdon Rx,2012,Fall,37.8,-119.86,3,Y913183,ABCO,0,0,0.1,2.61,569,30.4,0.9,0.08,0
YOSE,FPIPL1T0913,Hodgdon Rx,2012,Fall,37.8,-119.86,3,Y913185,ABCO,0,0,1.1,1.68,1135,27.8,0.9,0.02,0
YOSE,FPIPL1T0913,Hodgdon Rx,2012,Fall,37.8,-119.86,3,Y913189,ABCO,1,0,0.1,2.33,1081,33.7,0.9,0.05,1
YOSE,FPIPL1T0913,Hodgdon Rx,2012,Fall,37.8,-119.86,3,Y913190,ABCO,0,0,1.8,2.92,730,31,0.9,0.06,0
YOSE,FPIPL1T0913,Hodgdon Rx,2012,Fall,37.8,-119.86,3,Y913192,PIPO,1,0,0.9,1.3,318,64.3,0.9,0.04,0
YOSE,FPIPL1T0913,Hodgdon Rx,2012,Fall,37.8,-119.86,3,Y913197,ABCO,0,5,1.5,1.47,1065,30.1,0.9,0.03,1
YOSE,YOHOPIPO,PW-04,2007,Summer,37.8,-119.87,3,YYO2885,ABCO,0,0,0.5,1.05,3676,16.2,0.6,-0.02,0
YOSE,YOHOPIPO,PW-04,2007,Summer,37.8,-119.87,3,YYO2888,ABCO,0,0,0.3,1.18,5497,14.4,0.6,-0.01,1
YOSE,YOHOPIPO,PW-04,2007,Summer,37.8,-119.87,3,YYO5271,ABCO,0,30,0,2.26,3368,13.5,0.6,0.03,0
YOSE,YOHOPIPO,PW-04,2007,Summer,37.8,-119.87,3,YYO5619,PIPO,1,0,7.2,0.32,83,121.5,0.6,-0.02,0
YOSE,YOHOPIPO,PW-04,2007,Summer,37.8,-119.87,3,YYO6091,ABCO,0,30,1,0.91,4067,15.4,0.6,-0.01,0
ZION,FPIPO_02,East Mesa,2008,Summer,37.28,-112.9,2,Z020292,PIPO,0,85,2.5,0.2,693,24.3,1.6,-0.02,5
ZION,FPIPO_02,East Mesa,2008,Summer,37.28,-112.9,2,Z020297,PIPO,0,83,8,0.67,541,27.5,1.6,-0.04,2
ZION,FPIPO_02,East Mesa,2008,Summer,37.28,-112.9,2,Z020298,PIPO,0,99,5,0.29,2030,16.1,1.6,-0.04,1
ZION,FPIPO_02,East Mesa,2008,Summer,37.28,-112.9,2,Z020425,PIPO,0,85,6,0.63,276,41.2,1.6,-0.01,1
ZION,FPIPO_02,East Mesa,2008,Summer,37.28,-112.9,2,Z020453,PIPO,0,80,7,0.84,242,46.6,1.6,-0.07,4
ZION,FPIPO_04,East Mesa,1997,Spring,37.28,-112.9,5,Z040611,PIPO,0,50,7,1.7,35,40.7,0.6,-0.02,2
ZION,FPIPO_04,East Mesa,1997,Spring,37.28,-112.9,5,Z040614,PIPO,0,10,5,1.62,42,37.2,0.6,-0.03,1
ZION,FPIPO_04,East Mesa,1997,Spring,37.28,-112.9,5,Z040615,PIPO,0,90,4,1.75,720,15.6,0.6,0.03,2
ZION,FPIPO_04,East Mesa,1997,Spring,37.28,-112.9,5,Z040616,PIPO,0,5,2,1.83,21,52.2,0.6,0.01,2
ZION,FABCO_30,Blue Creek,2002,Spring,37.38,-113.03,5,Z302912,ABCO,1,20,2,1.31,28,64.7,0.6,-0.07,0
ZION,FABCO_30,Blue Creek,2002,Spring,37.38,-113.03,5,Z302916,ABCO,1,30,0,2.5,117,44.8,0.6,-0.11,1
ZION,FABCO_30,Blue Creek,2002,Spring,37.38,-113.03,5,Z302918,ABCO,0,10,1,2.12,90,36,0.6,-0.11,0
ZION,FABCO_30,Blue Creek,2002,Spring,37.38,-113.03,5,Z302919,ABCO,1,25,3,1.73,0,36.8,0.6,-0.07,1
ZION,FABCO_30,Blue Creek,2002,Spring,37.38,-113.03,5,Z302924,ABCO,1,98,14,2.08,0,47,0.6,-0.02,0
ZION,FABCO_30,Blue Creek,2002,Spring,37.38,-113.03,5,Z302925,ABCO,1,80,1,1.28,0,70.4,0.6,-0.04,1
ZION,FABCO_30,Blue Creek,2002,Spring,37.38,-113.03,5,Z302927,ABCO,0,10,1,2.48,100,34.2,0.6,-0.09,1
ZION,FABCO_30,Blue Creek,2002,Spring,37.38,-113.03,5,Z302929,ABCO,1,5,0.5,2.87,27,46.2,0.6,-0.05,1
ZION,FABCO_32,Blue Creek,2002,Spring,37.38,-113.03,5,Z322598,ABCO,1,90,21,2.79,0,45,0.7,-0.07,1
ZION,FABCO_32,Blue Creek,2002,Spring,37.38,-113.03,5,Z322645,ABCO,1,100,0,1.23,25,47.9,0.7,-0.07,1
ZION,FABCO_32,Blue Creek,2002,Spring,37.38,-113.03,5,Z322647,ABCO,1,100,8,0.93,0,52.9,0.7,-0.04,2
ZION,FABCO_32,Blue Creek,2002,Spring,37.38,-113.03,5,Z325789,ABCO,1,100,23,1.68,0,46.3,0.7,-0.07,1
ZION,FABCO_33,Blue Creek,2002,Spring,37.38,-113.03,6,Z332020,ABCO,0,10,0,1.63,61,43.8,0.7,-0.08,0
ZION,FABCO_33,Blue Creek,2002,Spring,37.38,-113.03,6,Z332048,ABCO,0,0,0.1,0.74,13,68.3,0.7,-0.04,2
ZION,FABCO_33,Blue Creek,2002,Spring,37.38,-113.03,6,Z332050,ABCO,0,5,0,1.98,386,17.4,0.7,-0.02,2
ZION,FPIPO_48,Clear Trap,2004,Fall,37.26,-112.91,5,Z483751,PIPO,1,100,20,1.26,0,55.2,1.2,-0.05,3
ZION,FPIPO_48,Clear Trap,2004,Fall,37.26,-112.91,5,Z483759,PIPO,1,100,18,0.87,0,61.2,1.2,-0.04,1
ZION,FPIPO_48,Clear Trap,2004,Fall,37.26,-112.91,5,Z483767,PIPO,1,100,19,1.03,0,52.2,1.2,-0.08,3
ZION,FPIPO_48,Clear Trap,2004,Fall,37.26,-112.91,5,Z483774,PIPO,1,100,18,1.36,0,42.3,1.2,-0.09,3
ZION,FPIPO_48,Clear Trap,2004,Fall,37.26,-112.91,5,Z483780,PIPO,1,100,28,1.17,0,49.9,1.2,-0.04,1
ZION,FPIPO_49,Clear Trap,2004,Fall,37.25,-112.92,5,Z493613,PIPO,0,65,5,1.58,27,46.1,1.2,-0.11,3
ZION,FPIPO_49,Clear Trap,2004,Fall,37.25,-112.92,5,Z493621,PIPO,1,100,10,0.66,39,38.7,1.2,-0.02,3
ZION,FPIPO_49,Clear Trap,2004,Fall,37.25,-112.92,5,Z493622,PIPO,0,100,8,1.67,0,36,1.2,-0.02,3
